{
  "project_info": {
    "project_number": "504398159027",
    "firebase_url": "https://sports-world-eaa3d.firebaseio.com",
    "project_id": "sports-world-eaa3d",
    "storage_bucket": "sports-world-eaa3d.appspot.com"
  },
  "client": [
    {
      "client_info": {
        "mobilesdk_app_id": "1:504398159027:android:659109d53e90e710",
        "android_client_info": {
          "package_name": "com.example.sridhar.sports_world"
        }
      },
      "oauth_client": [
        {
          "client_id": "504398159027-284vie54hbdt5upd8dldqgnbka32ckh7.apps.googleusercontent.com",
          "client_type": 1,
          "android_info": {
            "package_name": "com.example.sridhar.sports_world",
            "certificate_hash": "322d56e5609b4f617db6775f1ba77b330eb9cdb5"
          }
        },
        {
          "client_id": "504398159027-841nbb3egt7sb0mr1svu19dkhg19ipq3.apps.googleusercontent.com",
          "client_type": 3
        }
      ],
      "api_key": [
        {
          "current_key": "AIzaSyDuA8bhiS-kGAD_hvuJFv6YqHVDJkOEdj0"
        }
      ],
      "services": {
        "analytics_service": {
          "status": 1
        },
        "appinvite_service": {
          "status": 2,
          "other_platform_oauth_client": [
            {
              "client_id": "504398159027-841nbb3egt7sb0mr1svu19dkhg19ipq3.apps.googleusercontent.com",
              "client_type": 3
            }
          ]
        },
        "ads_service": {
          "status": 2
        }
      }
    }
  ],
  "configuration_version": "1"
}